"age","entropy","type"
"6M",0.0371440165909203,"Flux"
"18M",0.049441805875773,"Flux"
"21M",0.0519106456773369,"Flux"
