"age","entropy","type"
"6M",0.414874239306652,"Metabolite"
"15M",0.4108873676599,"Metabolite"
"21M",0.327328393569205,"Metabolite"
