"age","entropy","type"
"6M",0.422994504941402,"Metabolite"
"15M",0.375040700999715,"Metabolite"
"21M",0.356452654906918,"Metabolite"
