"age","entropy","type"
"6M",0.46406636228519,"Flux"
"18M",0.458456143619021,"Flux"
"21M",0.481065939302179,"Flux"
