"age","entropy","type"
"6M",0.414874239306652,"Metabolite"
"15M",0.410887367659899,"Metabolite"
"21M",0.327328393569205,"Metabolite"
