"age","entropy","type"
"6M",0.668676621431334,"Flux"
"18M",0.719046998884176,"Flux"
"21M",0.698232361533127,"Flux"
